Groups,Keyword,Intent,Volume,Keyword Difficulty,CPC (USD),SERP Features
"colombia,marca,registro",registro de marca colombia,Informational,1600,21,0.25,"AI Overview, Video, People also ask, Related searches, Ads bottom"
"colombia,marca,precio,registro",registro de marca en colombia precio,Informational,320,15,0.18,"AI Overview, Video, People also ask, Related searches"
"colombia,formulario,marca,registro",formulario para registro de marca en colombia,"Informational, Commercial",140,19,0.16,"Sitelinks, Video, Video carousel, Related searches, Ads bottom"
"colombia,cuanto,cuesta,marca,registro",cuanto cuesta el registro de marca en colombia,Informational,110,7,0.13,"AI Overview, Video, People also ask, Related searches"
"colombia,marca,registro,ropa",como registrar una marca de ropa en colombia,Informational,70,13,0.17,"AI Overview, Video, Video carousel, Short videos, People also ask, Related searches"
"colombia,marca,patente,registro",registro de marcas y patentes en colombia,Informational,40,13,0.20,"AI Overview, Video, Video carousel, People also ask, Related searches"
"base,colombia,datos,marca,registro",base de datos de marcas registradas en colombia,Informational,30,18,0.00,"Video, People also ask, Related searches"
"cafe,colombia,marca,registro",como registrar una marca de cafe en colombia,Informational,30,10,0.18,"AI Overview, Video, Video carousel, Short videos, People also ask, Related searches"
"colombia,consulta,marca,registro",consulta de marcas registradas en colombia,Informational,30,20,0.17,"Video, People also ask, Related searches"
"colombia,cuanto,marca,registro,vale",cuanto vale un registro de marca en colombia,Informational,30,5,0.13,"AI Overview, Video, Short videos, People also ask, Related searches"
"colombia,lista,marca,registro",listado de marcas registradas en colombia,,30,,0.00,
"colombia,marca,registro,valor",valor de registro de marca en colombia,Informational,30,15,0.15,"AI Overview, Video, People also ask, Related searches"
"beneficios,colombia,marca,registro",beneficios de registrar una marca en colombia,,20,,0.00,
"buscador,colombia,marca,registro",buscador de marcas registradas en colombia,,20,,0.00,
"busqueda,colombia,marca,registro",busqueda de marcas registradas colombia,,20,,0.00,
"busqueda,colombia,marca,registro",busqueda de marcas registradas en colombia,,20,,0.00,
"colombia,hacer,marca,registro",como hacer registro de marca en colombia,,20,,0.14,
"colombia,gana,marca,registro",como registrar una marca de ganado en colombia,,20,,0.17,
"camara,colombia,comercial,marca,registro",como registrar una marca en colombia camara de comercio,,20,,0.12,
"colombia,consulta,marca,registro",consulta registro de marca colombia,,20,,0.15,
"colombia,costo,marca,registro",costo de registro de marca en colombia,,20,,0.11,
"colombia,cuanto,cuesta,marca,registro",cuanto cuesta un registro de marca en colombia,,20,,0.09,
"colombia,cuanto,marca,registro,vale",cuanto vale el registro de marca en colombia,,20,,0.12,
"colombia,cuanto,marca,registro,vale",cuanto vale el registro de una marca en colombia,,20,,0.14,
"colombia,demanda,marca,registro,uso",demanda por uso de marca registrada colombia,,20,,0.00,
"colombia,ley,marca,patente,registro",ley de registro de marcas y patentes en colombia,,20,,0.00,
"colombia,marca,nombre,registro",nombres de marcas registradas en colombia,,20,,0.00,
"colombia,marca,normatividad,registro",normatividad registro de marca en colombia,,20,,0.00,
"colombia,marca,proceso,registro",proceso de registro de marca en colombia,,20,,0.10,
"colombia,consulta,marca,registro",registro de marca colombia consulta,,20,,0.14,
"colombia,marca,registro,sic",registro de marca colombia sic,,20,,0.00,
"colombia,costo,marca,registro",registro de marca en colombia costo,,20,,0.12,
"colombia,intelectual,marca,propiedad,registro",registro de marca propiedad intelectual colombia,,20,,0.00,
"colombia,logo,marca,registro",registro de marca y logo en colombia,,20,,0.25,
"colombia,gana,marca,registro",registro de marcas de ganado en colombia,,20,,0.00,
"colombia,marca,registro,requisitos",requisitos para registro de marca en colombia,,20,,0.09,
"colombia,marca,registro,requisitos",requisitos registro de marca colombia,,20,,0.00,
"colombia,marca,registro,valor",valor registro de marca colombia,,20,,0.00,
"colombia,hacer,marca,registro",como hacer el registro de marca en colombia,,10,,0.17,
"colombia,hacer,marca,registro",como hacer un registro de marca en colombia,,10,,0.14,
"colombia,empresa,marca,registro",como registrar la marca de mi empresa en colombia,,10,,0.00,
"colombia,marca,productos,registro",como registrar una marca de un producto en colombia,,10,,0.00,
"colombia,hacer,marca,registro",como se hace un registro de marca en colombia,,10,,0.11,
"cesion,colombia,contrato,marca,registro",contrato de cesion de marca registrada en colombia,,10,,0.00,
"colombia,costo,marca,registro",costo registro de marca colombia,,10,,0.12,
"colombia,cuanto,duro,marca,registro",cuanto dura el registro de una marca en colombia,,10,,0.00,
"colombia,marca,registro",que es el registro de marca en colombia,,10,,0.00,
"colombia,logo,marca,registro",registro de logo y marca colombia,,10,,0.00,
"colombia,indebida,marca,registro,uso",uso indebido de marcas registradas colombia,,10,,0.00,
"abogado,colombia,marca,registro",abogado registro de marcas colombia,,0,,0.00,
"abogado,colombia,marca,registro",abogados registro de marcas colombia,,0,,0.00,
"acreditación,colombia,marca,registro",acreditar el registro de la marca colombia,,0,,0.00,
"acuerdo,colombia,internacional,madre,marca,registro",acuerdo de madrid sobre el registro internacional de marcas colombia,,0,,0.00,
"alcance,colombia,derecho,marca,registro",alcance de derecho en el registro de marcas colombia,,0,,0.00,
"artesanias,colombia,marca,registro",artesanias de colombia registro de marca,,0,,0.00,
"2017,artesanias,colombia,marca,registro",artesanias de colombia registro de marca 2017,,0,,0.00,
"aumento,colombia,marca,registro",aumento de registros de marcas en colombia,,0,,0.00,
"beneficios,colombia,derecho,marca,registro",beneficios y derechos del registro de una marca colombia,,0,,0.00,
"bnaco,colombia,datos,marca,registro",bnaco de datos de marcas registradas en colombia,,0,,0.00,
"buscar,colombia,lista,marca,registro",buscar lista de marcas registradas en colombia,,0,,0.00,
"buscar,colombia,marca,registro",buscar registro de marca colombia,,0,,0.00,
"busqueda,colombia,marca,registro,unidos",busqueda de marcas registradas en colombia y estados unidos,,0,,0.00,
"busqueda,colombia,marca,registro",búsqueda de marcas registradas colombia,,0,,0.00,
"cafe,colombia,marca,registro",cafe de colombia es una marca registrada,,0,,0.00,
"calicandy,colombia,marca,registro",calicandy registro de marca en colombia,,0,,0.00,
"camara,colombia,comercial,marca,registro",camara de comercio colombia marca registrada,,0,,0.00,
"caracteristicas,colombia,marca,registro",caracteristicas de una marca registrada en colombia,,0,,0.00,
"categoria,colombia,marca,registro,ropa",categorias para registro de marca de ropa colombia,,0,,0.00,
"categoria,colombia,marca,registro",categorias registro de marcas colombia,,0,,0.00,
"certificado,colombia,marca,registro",certificado de registro de marc colombia,,0,,0.00,
"certificado,colombia,marca,registro",certificado de registro de marca colombia,,0,,0.00,
"certificado,colombia,gana,marca,registro",certificado de registro de marca de ganado colombia,,0,,0.00,
"area,certificado,colombia,marca,registro,textil",certificado de registro de marca en area textil colombia,,0,,0.00,
"certificado,colombia,herretes,marca,registro",certificado de registro de marca y herretes colombia,,0,,0.00,
"clases,colombia,marca,registro",clases de registro de marca en colombia,,0,,0.00,
"clases,colombia,marca,registro",clases para registro de marcas colombia,,0,,0.00,
"cmo,colombia,marca,registro,ropa",cmo registrar marcas de ropa en colombia,,0,,0.00,
"codigo,colombia,marca,registro",codigos registro de marca en colombia,,0,,0.00,
"colombia,contabilidad,definicion,marca,patente,registro",colombia contabilidad definición registro de patentes y marcas,,0,,0.00,
"colombia,marca,omar,registro,rincon",colombia marca no registrada de omar rincon,,0,,0.00,
"colombia,marca,omar,pdf,registro,rincon",colombia marca no registrada de omar rincon pdf,,0,,0.00,
"colombia,marca,omar,registro,rincon",colombia marca no registrada de omar rincón,,0,,0.00,
"colombia,marca,registro,renovacion",colombia registro de marcas y renovacion,,0,,0.00,
"colombia,consulta,marca,registro",como consultar el registro de una marca en colombia,,0,,0.00,
"colombia,diligenciar,formulario,marca,registro",como diligenciar el formulario de registro de marca en colombia,,0,,0.00,
"colombia,diligenciar,marca,registro",como diligenciar el registro de marca en colombia,,0,,0.00,
"cerveza,colombia,hacer,marca,registro",como hacer registro de marca para una cerveza en colombia,,0,,0.00,
"colombia,formato,llenar,marca,registro",como llenar el formato de registro de marca en colombia,,0,,0.00,
"colombia,marca,obtener,registro",como obtener registro de marca colombia,,0,,0.00,
"colombia,marca,realizar,registro",como realizar el registro de marca en colombia,,0,,0.00,
"colombia,marca,realizar,registro",como realizar el registro de una marca en colombia,,0,,0.00,
"colombia,marca,realizar,registro",como realizo el registro de marca en colombia,,0,,0.00,
"colombia,marca,nombre,registro",como registrar el nombre de una marca colombia,,0,,0.00,
"colombia,marca,nombre,registro",como registrar el nombre de una marca en colombia,,0,,0.00,
"artistica,colombia,marca,registro",como registrar la marca de un artista en colombia,,0,,0.00,
"colombia,marca,productos,registro",como registrar la marca de un producto en colombia,,0,,0.00,
"colombia,empresa,marca,registro",como registrar la marca de una empresa en colombia,,0,,0.00,
"colombia,marca,registro,revista",como registrar la marca de una revista en colombia,,0,,0.00,
"camara,colombia,comercial,logo,marca,registro",como registrar logo y marca colombia camara de comercio,,0,,0.00,
"colombia,marca,registro,ropa",como registrar marcas de ropa en colombia,,0,,0.00,
"colombia,marca,productos,registro",como registrar un producto de una marca en colombia,,0,,0.00,
"abono,colombia,marca,registro",como registrar una marca de abono en colombia,,0,,0.00,
"cerveza,colombia,marca,registro",como registrar una marca de cerveza en colombia,,0,,0.00,
"colombia,comercial,marca,registro",como registrar una marca de comercio en colombia,,0,,0.00,
"colombia,gana,ica,marca,registro",como registrar una marca de ganado en colombia ica,,0,,0.00,
"colombia,cordoba,gana,marca,registro",como registrar una marca de ganado en cordoba colombia,,0,,0.00,
"colombia,jugar,marca,registro",como registrar una marca de jugos en colombia,,0,,0.00,
"colombia,lubricantes,marca,registro",como registrar una marca de lubricantes en colombia,,0,,0.00,
"colombia,manera,marca,registro,virtual",como registrar una marca de manera virtual colombia,,0,,0.00,
"colombia,marca,precio,registro,ropa",como registrar una marca de ropa en colombia y precio,,0,,0.00,
"colombia,intelectual,marca,propiedad,registro",como registro de marca propiedad intelectual colombia,,0,,0.00,
"colombia,intelectual,marca,propiedad,registro",como registro de marca propiedad intelectual en colombia,,0,,0.00,
"colombia,intelectual,marca,propiedad,registro",como registro de marca y propiedad intelectual en colombia,,0,,0.00,
"colombia,marca,nobre,registro",como registro el nobre de una marca colombia,,0,,0.00,
"colombia,marca,nombre,registro",como registro el nombre de una marca en colombia,,0,,0.00,
"colombia,hotel,marca,registro",como registro la marca de mi hotel en colombia,,0,,0.00,
"cali,colombia,marca,productos,registro",como registro la marca de un producto en cali colombia,,0,,0.00,
"colombia,marca,nueva,productos,registro",como registro la marca de un producto nuevo en colombia,,0,,0.00,
"colombia,marca,registro,software",como registro la marca de un software en colombia,,0,,0.00,
"colombia,marca,nombre,registro",como registro un nombre de marca colombia,,0,,0.00,
"colombia,marca,registro,ropa",como registro una marca de ropa en colombi,,0,,0.00,
"colombia,marca,registro,unproducto",como registro unproducto de una marca en colombia,,0,,0.00,
"colombia,marca,nombre,registro,saber,si",como saber si un nombre de marca esta registrado colombia,,0,,0.00,
"colombia,marca,registro,sacar",como sacar el registro de marca en colombia,,0,,0.00,
"colombia,hacer,marca,registro",como se hace el registro de marcas en colombia,,0,,0.00,
"colombia,hacer,marca,registro",como se hace el registro de una marca en colombia,,0,,0.00,
"colombia,empresa,marca,puede,registro",como se puede registra una marca de empresa en colombia,,0,,0.00,
"colombia,fabrica,marca,registro",como se registra una marca de fabrica en colombia,,0,,0.00,
"colombia,marca,registro,verificar",como verificar el registro de una marca en colombia,,0,,0.00,
"colombia,consecuencias,marca,registro,uso",consecuencias del uso de marcas registradas colombia,,0,,0.00,
"colombia,consulta,marca,registro",consulta de registro de marca en colombia,,0,,0.00,
"colombia,consulta,marca,registro",consulta de registro de marcas en colombia,,0,,0.00,
"colombia,consulta,existencia,marca,registro",consulta existencia de registro de marca en colombia,,0,,0.00,
"colombia,consulta,marca,registro",consulta registro de marca en colombia,,0,,0.00,
"colombia,comercial,consulta,industrial,marca,registro,superintendencia",consulta registro de marca superintendencia de industria y comercio colombia,,0,,0.00,
"colombia,consulta,marca,patente,registro",consulta registro de marcas y patentes colombia,,0,,0.00,
"colombia,consulta,gana,marca,registro",consulta registro marca de ganado colombia,,0,,0.00,
"colombia,consulta,marca,registro",consulta registros de marca en colombia,,0,,0.00,
"colombia,consulta,marca,registro",consultar registro de marcas colombia,,0,,0.00,
"colombia,consulta,marca,registro",consultar registro de marcas en colombia,,0,,0.00,
"colombia,compraventa,contrato,marca,registro",contrato de compraventa de marcas registradas colombia,,0,,0.00,
"colombia,contrato,marca,registro,transferencia",contrato de transferencia de marca registrada en colombia,,0,,0.00,
"colombia,control,marca,registro",control registro de marca colombia,,0,,0.00,
"colombia,cosotos,marca,registro",cosoto del registro de marcas colombia,,0,,0.00,
"colombia,costo,marca,registro",coste de registro de marca en colombia,,0,,0.00,
"colombia,costo,marca,registro",costo de registro de marca colombia,,0,,0.00,
"colombia,costo,marca,patente,registro",costo de registro de marcas y patentes en colombia,,0,,0.00,
"2018,colombia,costo,marca,patente,registro",costo de registro de marcas y patentes en colombia 2018,,0,,0.00,
"colombia,costo,marca,registro",costo de un registro de marca en colombia,,0,,0.00,
"colombia,costo,marca,registro",costo del registro de marca en colombia,,0,,0.00,
"2019,colombia,costo,marca,registro",costo del registro de marca en colombia 2019,,0,,0.00,
"adicion,colombia,costo,marca,registro",costo registro de marca adicional colombia,,0,,0.00,
"2018,colombia,costo,marca,registro",costo registro de marca colombia 2018,,0,,0.00,
"colombia,costo,marca,registro",costo registro de marca en colombia,,0,,0.00,
"colombia,costo,marca,registro,sic",costo registro de marca en colombia sic,,0,,0.00,
"2017,colombia,costo,marca,microempresarios,registro",costo registro de marca microempresarios colombia 2017,,0,,0.00,
"colombia,costo,marca,registro",costos de registrar una marca en colombia,,0,,0.00,
"2018,colombia,costo,marca,registro",costos de registrar una marca en colombia 2018,,0,,0.00,
"colombia,costo,marca,registro",costos de registro de marca en colombia,,0,,0.00,
"colombia,costo,marca,registro",costos registro de marca en colombia,,0,,0.00,
"colombia,creacion,marca,registro",creacion de marca y registro en colombia,,0,,0.00,
"colombia,marca,puede,registro,renuncia",cuando puedo renunciar al registro de una marca colombia,,0,,0.00,
"colombia,marca,puede,registro,reununcia",cuando puedo reununciar al registro de una marca colombia,,0,,0.00,
"abogado,cobre,colombia,cuanto,marca,registro",cuanto cobra abogado por registro de marca colombia,,0,,0.00,
"colombia,conducir,cuanto,cuesta,marca,registro",cuanto cuesta el registro de conducir en marca en colombia,,0,,0.00,
"2016,colombia,cuanto,cuesta,marca,registro",cuanto cuesta el registro de marca en colombia 2016,,0,,0.00,
"2018,colombia,cuanto,cuesta,marca,registro",cuanto cuesta el registro de marca en colombia 2018,,0,,0.00,
"2019,colombia,cuanto,cuesta,marca,registro",cuanto cuesta el registro de marca en colombia 2019,,0,,0.00,
"2017,colombia,cuanto,cuesta,marca,personas,registro",cuanto cuesta el registro de mi marca personal colombia 2017,,0,,0.00,
"colombia,cuanto,cuesta,marca,registro",cuanto cuesta el registro de una marca en colombia,,0,,0.00,
"cafe,colombia,cuanto,cuesta,marca,registro",cuanto cuesta registrar una marca de cafe en colombia,,0,,0.00,
"colombia,cuanto,cuesta,marca,registro,ropa",cuanto cuesta registrar una marca de ropa en colombia,,0,,0.00,
"colombia,cuanto,cuesta,marca,registro",cuanto cuesta un registro de marca colombia,,0,,0.00,
"colombia,cuanto,duro,marca,registro",cuanto dura el registro de marca en colombia,,0,,0.00,
"colombia,cuanto,duro,marca,proteccion,registro",cuanto dura la proteccion de una marca registrada en colombia,,0,,0.00,
"colombia,cuanto,demora,marca,registro,tiempo",cuanto tiempo se demora un registro de marca en colombia,,0,,0.00,
"2019,colombia,cuanto,marca,registro,vale",cuanto vale el registro de una marca en colombia 2019,,0,,0.00,
"colombia,cuanto,marca,obtener,registro,vale",cuanto vale obtener un registro de marca en colombia,,0,,0.00,
"camara,colombia,comercial,cuanto,marca,registro,vale",cuanto vale registrar una marca en camara de comercio colombia,,0,,0.00,
"2019,colombia,cuanto,marca,registro,vale",cuanto vale un registro de marca en colombia 2019,,0,,0.00,
"colombia,cuanto,marca,registro,sic,vale",cuanto vale un registro de marca en colombia sic,,0,,0.00,
"colombia,curso,marca,registro",curso para registro de marca colombia,,0,,0.00,
"colombia,cuanto,cuesta,marca,registro",cuánto cuesta el registro de marca en colombia,,0,,0.00,
"colombia,cuanto,marca,registro",cuántos registros de marca hay en colombia,,0,,0.00,
"colombia,como,hacer,marca,registro",cómo hacer el registro de marca en colombia,,0,,0.00,
"colombia,como,marca,productos,registro,tramite",cómo tramitar registro de marca sobre producto en colombia,,0,,0.00,
"colombia,derecho,marca,registro",derecho registro de marca colombia,,0,,0.00,
"autores,colombia,derecho,marca,registro,solicitud",derechos de autor colombia solicitud registro de marca,,0,,0.00,
"colombia,desistimiento,marca,registro",desistir del registro de marca colombia,,0,,0.00,
"clases,colombia,diferencia,marca,registro",diferentes clases para registro de marca en colombia,,0,,0.00,
"colombia,directorio,marca,registro",directorio de marcas registradas en colombia,,0,,0.00,
"colombia,documentos,marca,registro",documento de registro de marca colombia,,0,,0.00,
"colombia,documentos,marca,registro",documentos registro de marca colombia,,0,,0.00,
"buscar,colombia,marca,registro",donde buscar registro de marca colombia,,0,,0.00,
"accesorios,cali,colombia,marca,registro",donde registrar una marca de accesorios cali colombia,,0,,0.00,
"acessorios,cali,colombia,marca,registro",donde registrar una marca de acessorios cali colombia,,0,,0.00,
"colombia,marca,registro,ropa",donde registrar una marca de ropa en colombia,,0,,0.00,
"colombia,marca,patente,registro",donde registro de marcas y patentes en colombia,,0,,0.00,
"colombia,hacer,marca,registro",donde se hace el registro de marca en colombia,,0,,0.00,
"colombia,hacer,marca,registro",donde se hace registro de marca en colombia,,0,,0.00,
"colombia,marca,productos,registro",donde se registra la marca de un producto en colombia,,0,,0.00,
"colombia,gana,marca,registro",donde se registra una marca de ganado en colombia,,0,,0.00,
"colombia,duracion,marca,registro",duracion del registro de marca colombia,,0,,0.00,
"colombia,duracion,marca,registro",duracion del registro de una marca colombia,,0,,0.00,
"colombia,derecho,duracion,marca,registro",duracion registro y derechos de una marca colombia,,0,,0.00,
"colombia,ejemplos,marca,registro",ejemplo de un registro de marca en colombia,,0,,0.00,
"colombia,ejemplos,formulario,marca,registro",ejemplo formulario de registro de marca en colombia,,0,,0.00,
"colombia,ejemplos,formulario,marca,real,registro",ejemplo formulario registro de marca en colombia real,,0,,0.00,
"colombia,ejemplos,marca,registro",ejemplo registro de marca en colombia,,0,,0.00,
"colombia,ejemplos,marca,registro",ejemplos de marcas registradas colombia,,0,,0.00,
"colombia,ejemplos,marca,registro",ejemplos de marcas registradas en colombia,,0,,0.00,
"colombia,ejemplos,marca,registro,sena",ejemplos de marcas registradas sen colombia,,0,,0.00,
"colombia,ejemplos,marca,registro",ejemplos de registro de marca colombia,,0,,0.00,
"colombia,marca,registro",el registro de marca en colombia,,0,,0.00,
"colombia,marca,preguntas,registro,respuestas",el registro de marca en colombia preguntas y respuestas,,0,,0.00,
"colombia,marca,registro",el registro de marcas en colombia,,0,,0.00,
"colombia,embargo,marca,registro",embargo de marcas registradas en colombia,,0,,0.00,
"colombia,empresa,marca,registro",empresas para registro de marca en colombia,,0,,0.00,
"colombia,entidad,marca,registro",en que entidad de colombia se registra una marca,,0,,0.00,
"colombia,embargo,entidad,marca,registro",entidad que registra embargo de marca en colombia,,0,,0.00,
"colombia,marca,necesario,registro,simbolo,usar",es necesario usar el simbolo de marca registrada en colombia,,0,,0.00,
"colombia,comerciales,esquema,marca,registro",esquema de registro de marcas registro comerciales en colombia,,0,,0.00,
"colombia,estadistica,marca,registro",estadisticas de marcas registradas en colombia,,0,,0.00,
"colombia,diario,empresa,marca,registro,transporte",estado diario de registro de marcas empresa de transporte colombia,,0,,0.00,
"colombia,estudio,marca,patente,registro,yogurt",estudios patentes marcas o registros de yogurt en colombia,,0,,0.00,
"colombia,estudio,marca,patente,registro,yogut",estudios patentes marcas o registros de yogut en colombia,,0,,0.00,
"abogado,colombia,firma,marca,registro",firmas de abogados para registro de marca en colombia,,0,,0.00,
"colombia,formato,marca,registro",formato para registro de marca en colombia,,0,,0.00,
"colombia,formato,marca,registro",formato para registro de marcas en colombia,,0,,0.00,
"colombia,formato,marca,patente,registro",formato patente o registro de marca colombia,,0,,0.00,
"colombia,formato,marca,registro",formato registro de marca colombia,,0,,0.00,
"actual,colombia,formato,marca,registro",formatos actuales de registro de marca en colombia,,0,,0.00,
"cancelacion,colombia,formulario,marca,registro",formulario de cancelacion de un registro de marca colombia,,0,,0.00,
"colombia,formulario,marca,registro",formulario de registro de marca colombia,,0,,0.00,
"colombia,formulario,marca,registro",formulario de registro de marca de colombia,,0,,0.00,
"colombia,formulario,marca,patente,registro",formulario de registro de marcas y patentes en colombia,,0,,0.00,
"colombia,formulario,marca,registro",formulario de un registro de marca de colombia,,0,,0.00,
"colombia,formulario,marca,registro",formulario para registro de marca colombia,,0,,0.00,
"colombia,formulario,marca,registro",formulario registro de marca colombia,,0,,0.00,
"colombia,formulario,marca,real,registro",formulario registro de marca en colombia real,,0,,0.00,
"colombia,formulario,marca,registro",formularios de registro de marca colombia,,0,,0.00,
"colombia,ejemplos,formulario,marca,registro",formularios de registro de marca colombia ejemplos,,0,,0.00,
"colombia,gaceta,marca,registro",gaceta registro de marca colombia,,0,,0.00,
"colombia,gator,marca,registro",gatore en colombia es marca registrada de,,0,,0.00,
"colombia,guia,marca,registro",guia para registro de marca colombia,,0,,0.00,
"colombia,guia,marca,registro,tramite",guía para el trámite de registro de marcas en colombia,,0,,0.00,
"colombia,haus,marca,registro",haus registro de marca colombia,,0,,0.00,
"colombia,implulso,marca,registro",implulse el registro de su marca en colombia,,0,,0.00,
"colombia,importacion,marca,productos,registro",importacion de productos a colombia de marca registrada,,0,,0.00,
"colombia,importancia,marca,registro",importancia de registra marca en colombia,,0,,0.00,
"colombia,importancia,marca,registro",importancia de registrar una marca en colombia,,0,,0.00,
"colombia,importancia,marca,patente,registro",importancia del registro de marca y patentes en colombia,,0,,0.00,
"colombia,importanciq,marca,registro",importanciq del registro de marca en colombia,,0,,0.00,
"colombia,concede,impugnacion,marca,registro",impugnacion de registros que conceden marcas en colombia,,0,,0.00,
"colombia,encarga,institucion,marca,registro",institucion encargada del registro de marcas en colombia,,0,,0.00,
"colombia,instituto,marca,nacional,patente,registro",instituto nacional de patentes colombia registro de marca,,0,,0.00,
"colombia,instituto,marca,registro",las marcas de institutos donde se registran en colombia,,0,,0.00,
"colombia,educativa,instituto,marca,registro",las marcas de institutos educativos donde se registran en colombia,,0,,0.00,
"colombia,marca,registro",le y de marcas registradas en colombia,,0,,0.00,
"colombia,legislacion,marca,registro,vigente",legislacion para registro de marca en colombia vigente,,0,,0.00,
"colombia,ley,marca,registro",ley de registro de marcas en colombia,,0,,0.00,
"colombia,ley,marca,registro",ley en colombia de registro de marcas,,0,,0.00,
"colombia,ley,marca,registro",ley registro de marca colombia,,0,,0.00,
"colombia,ley,marca,registro",leyes en colombia sobre registro de marca,,0,,0.00,
"colombia,licencia,marca,registro,uso",licencia de uso de marca registrada en colombia,,0,,0.00,
"colombia,lista,marca,queso,registro",lista de marcas de queso registradas en colombia,,0,,0.00,
"cafe,colombia,marca,registro",marca cafe de colombia registrada,,0,,0.00,
"articulo,colombia,marca,opiniones,registro",marca no registrada colombia articulo de opinion,,0,,0.00,
"colombia,comerciales,marca,registro",marcas comerciales registradas de colombia,,0,,0.00,
"aciete,colombia,cosas,maquina,marca,registro",marcas de aciete para maquinas coser registradas en colombia,,0,,0.00,
"aciete,colombia,maquina,marca,registro",marcas de aciete para maquinas registradas en colombia,,0,,0.00,
"cafe,colombia,marca,registro",marcas de cafe registradas en colombia,,0,,0.00,
"cafe,colombia,marca,registro",marcas de café registradas en colombia,,0,,0.00,
"celulares,colombia,marca,registro",marcas de celulares registradas en colombia,,0,,0.00,
"colombia,colorear,marca,registro",marcas de color registradas en colombia,,0,,0.00,
"colombia,herramientas,marca,registro",marcas de herramienta registradas en colombia,,0,,0.00,
"colombia,leche,marca,registro",marcas de leche registradas en colombia,,0,,0.00,
"colombia,marca,moda,registro",marcas de moda registradas colombia,,0,,0.00,
"colombia,marca,moto,registro",marcas de motos registradas en colombia,,0,,0.00,
"colombia,consulta,marca,moto,registro",marcas de motos registradas en colombia consulta,,0,,0.00,
"colombia,marca,registro,ropa",marcas de ropa registradas en colombia,,0,,0.00,
"colombia,marca,registro,tabaco",marcas de tabaco registradas en colombia,,0,,0.00,
"camara,colombia,comercial,marca,registro",marcas registradas camara de comercio colombia,,0,,0.00,
"black,colombia,friday,marca,registro",marcas registradas de black friday en colombia,,0,,0.00,
"cafe,colombia,marca,registro",marcas registradas de cafe en colombia,,0,,0.00,
"casco,certificado,colombia,marca,registro",marcas registradas de cascos certificados en colombia,,0,,0.00,
"cerveza,colombia,marca,registro",marcas registradas de cerveza en colombia,,0,,0.00,
"cloro,colombia,granulado,marca,registro",marcas registradas de cloro granulado en colombia,,0,,0.00,
"colombia,marca,registro",marcas registradas de colombia,,0,,0.00,
"colombia,detergente,marca,registro",marcas registradas de detergentes en colombia,,0,,0.00,
"colombia,marca,medicamentos,registro",marcas registradas de medicamentos en colombia,,0,,0.00,
"acido,colombia,hialuronico,marca,registro",marcas registradas en colombia de acido hialuronico,,0,,0.00,
"colombia,logo,marca,medidas,registro",medidas logo registro de marca colombia,,0,,0.00,
"colombia,marca,mejor,pista,prueba,registro",mejor marca registrada de pruebas de pistas en colombia,,0,,0.00,
"colombia,marca,mejor,pista,prueba,registro",mejor marca registrada en pruebas de pista en colombia,,0,,0.00,
"colombia,contrato,marca,modelo,registro,transferencia",modelo de contrato de transferencia de marca registrada en colombia,,0,,0.00,
"colombia,demanda,marca,modelo,registro,uso",modelo de demanda por uso de marca registrada colombia,,0,,0.00,
"colombia,demanda,indebida,marca,modelo,registro,uso",modelo de demanda por uso indebido de marca registrada colombia,,0,,0.00,
"certificacion,colombia,marca,modelo,registro,solicitud",modelo de solicitud de certificacion de registro de marca colombi,,0,,0.00,
"colombia,desistimiento,marca,modelo,registro",modelo desistir del registro de marca colombia,,0,,0.00,
"colombia,comercial,después,marca,modificar,registro",modificar una marca comercial en colombia después de registrada,,0,,0.00,
"colombia,marca,multas,registro,uso",multas por uso de marca registrada colombia,,0,,0.00,
"colombia,marca,nombre,registro",nombres registrados de marcas en colombia,,0,,0.00,
"colombia,marca,normas,registro",norma para el registro de marcas en colombia,,0,,0.00,
"colombia,marca,normas,registro",normas para el registro de marca en colombia,,0,,0.00,
"colombia,marca,normatividad,registro",normativa para registro de marca en colombia,,0,,0.00,
"colombia,marca,normatividad,registro",normatividad del registro de marca registro de marca en colombia,,0,,0.00,
"colombia,marca,normatividad,registro",normatividad en colombia para el registro de marca,,0,,0.00,
"colombia,marca,normatividad,registro",normatividad para el registro de marca en colombia,,0,,0.00,
"colombia,hierro,marca,normatividad,registro",normatividad registro de marca de hierro en colombia,,0,,0.00,
"colombia,intelectual,marca,normatividad,propiedad,registro",normatividad registro de marca y propiedad intelectual colombia,,0,,0.00,
"colombia,marca,normatividasd,rdocumentos,registro,vigente",normatividasd rdocumentos para registro de marca en colombia vigente,,0,,0.00,
"colombia,marca,numero,registro,salud,sector",numero de marcas registradas en colombia sector salud,,0,,0.00,
"colombia,marca,numero,registro,superintendencia",numero de registro de marcas en colombia superintendencia,,0,,0.00,
"colombia,marca,niños,numero,registro",número de marcas registradas en colombia para niños,,0,,0.00,
"colombia,comercial,marca,numero,registro",número de registro de marca comercial en colombia,,0,,0.00,
"colombia,marca,obligaciones,registro",obligaciones para el registro de marca en colombia,,0,,0.00,
"colombia,marca,oficina,registro",oficina de registro de marcas en colombia,,0,,0.00,
"colombia,marca,oficina,patente,registro",oficina de registro de marcas y patentes colombia,,0,,0.00,
"colombia,comerciales,encarga,marca,oficina,registro",oficina encargada de registrar las marcas comerciales colombia,,0,,0.00,
"colombia,marca,ogado,registro",ogados registro de marca colombia,,0,,0.00,
"colombia,marca,oposicion,registro",oposicion a registro de marca colombia,,0,,0.00,
"colombia,marca,oposicion,registro",oposicion al registro de marca colombia,,0,,0.00,
"colombia,marca,oposicion,registro",oposicion registro de marca colombia,,0,,0.00,
"colombia,marca,oposicion,registro",oposición a registro de marca colombia,,0,,0.00,
"colombia,marca,oposicion,registro",oposición al registro de marca colombia,,0,,0.00,
"colombia,marca,oficial,pago,registro,tasa",pago de tasa oficial en colombia para registrar una marca,,0,,0.00,
"colombia,marca,pago,registro",pago del registro de una marca en colombia,,0,,0.00,
"averiguar,colombia,marca,registro,si",para averiguar registro de marca si esta registrada en colombia,,0,,0.00,
"colombia,marca,registro,sirve",para que sirve el registro de marca en colombia,,0,,0.00,
"colombia,marca,paso,registro,seguir",pasos a seguir para registro de marca colombia,,0,,0.00,
"colombia,marca,paso,registro",pasos para el registro de marca en colombia,,0,,0.00,
"colombia,marca,paso,registro",pasos para el registro de una marca en colombia,,0,,0.00,
"colombia,marca,paso,registro",pasos para registro de marca colombia,,0,,0.00,
"colombia,empresa,marca,paso,registro",pasos para registro de marca de una empresa colombia,,0,,0.00,
"colombia,marca,paso,registro",pasos para registro de marca en colombia,,0,,0.00,
"colombia,marca,paso,registro,solicitar",pasos para solicitar el registro de una marca en colombia,,0,,0.00,
"colombia,marca,paso,registro,solicitar",pasos para solicitar un registro de marca en colombia,,0,,0.00,
"autores,colombia,derecho,marca,patente,registro",patentes con derechos de autor marca registrada en colombia,,0,,0.00,
"autores,colombia,derecho,marca,patente,registro",patentes derechos de autor marcas registradas en colombia,,0,,0.00,
"autores,colombia,derecho,marca,patente,registro",patentes en colombia patentes derechos de autor marcas registradas,,0,,0.00,
"colombia,marca,precio,registro",precio de registro de marca en colombia,,0,,0.00,
"colombia,marca,precio,registro",precio de registro una marca en colombia,,0,,0.00,
"colombia,marca,precio,registro",precio de un registro de marca en colombia,,0,,0.00,
"colombia,marca,precio,registro",precio del registro de marca colombia,,0,,0.00,
"colombia,marca,precio,registro",precio registro de marca colombia,,0,,0.00,
"colombia,marca,precio,registro",precio registro de marca en colombia,,0,,0.00,
"2017,colombia,marca,patente,precio,registro",precio registro de patentes y marcas en colombia 2017,,0,,0.00,
"colombia,marca,prior,registro",priorida en el registro de marcas en colombia,,0,,0.00,
"colombia,marca,prioridad,registro",prioridad en el registro de marcas en colombia,,0,,0.00,
"colombia,marca,procedimiento,registro",procedimiento para el registro de una marca en colombia,,0,,0.00,
"colombia,marca,procedimiento,registro",procedimiento para registro de marca en colombia,,0,,0.00,
"colombia,marca,procedimiento,registro",procedimiento registro de marca colombia,,0,,0.00,
"colombia,costo,marca,procedimiento,registro",procedimiento y costos para el registro de marca colombia,,0,,0.00,
"colombia,marca,nombre,procedimiento,registro",procedimientos registro de nombre y o marca colombia,,0,,0.00,
"colombia,marca,patente,proceso,registro",proceso de registrar y patentar una marca en colombia,,0,,0.00,
"colombia,marca,proceso,registro",proceso de registro de marca colombia,,0,,0.00,
"colombia,marca,proceso,registro",proceso de registro de marca registrada en colombia,,0,,0.00,
"colombia,marca,proceso,registro",proceso de registro de marcas en colombia,,0,,0.00,
"colombia,marca,proceso,registro",proceso para el registro de una marca en colombia,,0,,0.00,
"colombia,marca,proceso,registro,ropa",proceso para registrar una marca de ropa en colombia,,0,,0.00,
"colombia,marca,proceso,registro",proceso para registro de marca en colombia,,0,,0.00,
"colombia,marca,proceso,registro",proceso para registro de marcas en colombia,,0,,0.00,
"colombia,marca,proceso,registro",proceso registro de marca colombia,,0,,0.00,
"colombia,costo,marca,proceso,registro",procesos y costos de registro de marca colombia,,0,,0.00,
"colombia,intelectual,marca,patente,propiedad,registro",propiedad intelectual registro de marcas y patentes en colombia,,0,,0.00,
"colombia,intelectual,marca,propiedad,registro",propiedad intelectual y registro de marca colombia,,0,,0.00,
"colombia,derecho,marca,proteccion,registro",proteccion de derechos de una marca registrada colombia,,0,,0.00,
"colombia,derecho,marca,proteccion,registro",proteccion de derechos de una marca registro colombia,,0,,0.00,
"colombia,colorear,marca,modificar,puede,registro",puedo modificar el color de una marca registrada en colombia,,0,,0.00,
"colombia,marca,registro",que es el registro de marca colombia,,0,,0.00,
"colombia,marca,registro",que es registro de marca en colombia,,0,,0.00,
"colombia,marca,registro",que es registro de marcas en colombia,,0,,0.00,
"colombia,marca,patente,registro",que es registro de patentes y marcas en colombia,,0,,0.00,
"colombia,marca,normas,registro,regular",que norma regula el registro de una marca en colombia,,0,,0.00,
"colombia,como,marca,registro,vale",que vale registrar una marca de comida en colombia,,0,,0.00,
"colombia,marca,registro,vale",que vale un registro de marca en colombia,,0,,0.00,
"colombia,marca,registro,valor",que valor tiene el registro de marca colombia,,0,,0.00,
"autores,colombia,marca,omar,quien,registro,rincon",quie es omar rincón autor de colombia marca no registrada,,0,,0.00,
"autores,colombia,marca,omar,registro,rincon",quien es omar rincón autor de colombia marca no registrada,,0,,0.00,
"colombia,marca,quitar,registro",quitar registro de marca en colombia,,0,,0.00,
"colombia,marca,ratificacion,registro",ratificacion de registro de marcas en colombia,,0,,0.00,
"colombia,marca,registro",registrabilidad de la marca colombia,,0,,0.00,
"cafe,colombia,marca,registro",registrar marca de cafe en colombia,,0,,0.00,
"cacao,colombia,marca,registro",registrar marcas de cacao en colombia,,0,,0.00,
"aplicaciones,colombia,marca,movil,registro",registrar mi marca de aplicación movil en colombia,,0,,0.00,
"colombia,cosmeticos,frances,marca,registro",registrar un marca de cosmeticos frances en colombia,,0,,0.00,
"colombia,marca,nombre,registro",registrar un nombre de marca en colombia,,0,,0.00,
"aceite,colombia,marca,registro",registrar una marca de aceite en colombia,,0,,0.00,
"colombia,marca,registro,ropa",registrar una marca de ropa en colombia,,0,,0.00,
"colombia,cosmeticos,entrar,francesa,marca,registro",registrar una marca francesa de cosmeticos para entrar a colombia,,0,,0.00,
"colombia,marca,registro,totto",registro de la marca totto colombia,,0,,0.00,
"colombia,logo,marca,registro",registro de logo y marca en colombia,,0,,0.00,
"apelacio,colombia,marca,registro",registro de marca apelaci on colombia,,0,,0.00,
"arroz,colombia,marca,registro",registro de marca arroz colombia,,0,,0.00,
"artesanias,colombia,marca,registro",registro de marca artesanias de colombia,,0,,0.00,
"banda,colombia,marca,musica,registro",registro de marca banda musical colombia,,0,,0.00,
"2017,colombia,marca,registro",registro de marca colombia 2017,,0,,0.00,
"2019,colombia,marca,registro,sic",registro de marca colombia 2019 sic,,0,,0.00,
"actualicese,colombia,marca,registro",registro de marca colombia actualicese,,0,,0.00,
"articulo,colombia,marca,registro",registro de marca colombia articulo,,0,,0.00,
"asesoria,colombia,marca,registro",registro de marca colombia asesoria,,0,,0.00,
"chat,colombia,marca,registro",registro de marca colombia chat,,0,,0.00,
"civil,codigo,colombia,marca,registro",registro de marca colombia codigo civil,,0,,0.00,
"codigo,colombia,comercial,marca,registro",registro de marca colombia codigo de comercio,,0,,0.00,
"colombia,costo,marca,registro",registro de marca colombia costos,,0,,0.00,
"colombia,demanada,marca,plagio,registro",registro de marca colombia demana por plagio,,0,,0.00,
"colombia,demanda,ley,marca,plagio,registro",registro de marca colombia demanda por plagio que ley hay,,0,,0.00,
"colombia,formato,marca,registro",registro de marca colombia formato,,0,,0.00,
"colombia,gerencia,marca,registro",registro de marca colombia gerencie,,0,,0.00,
"colombia,gif,marca,registro",registro de marca colombia gif,,0,,0.00,
"colombia,ley,marca,registro",registro de marca colombia leyes,,0,,0.00,
"colombia,marca,medellin,registro",registro de marca colombia medellin,,0,,0.00,
"colombia,marca,normatividad,registro",registro de marca colombia normatividad,,0,,0.00,
"colombia,marca,paso,registro",registro de marca colombia pasos,,0,,0.00,
"colombia,marca,precio,registro",registro de marca colombia precio,,0,,0.00,
"colombia,marca,prezi,registro",registro de marca colombia prezi,,0,,0.00,
"colombia,marca,proceso,registro",registro de marca colombia proceso,,0,,0.00,
"colombia,marca,registro,requisitos",registro de marca colombia requisitos,,0,,0.00,
"colombia,existen,marca,registro,si",registro de marca colombia si ya existe otra,,0,,0.00,
"colombia,marca,registro,superintendencia",registro de marca colombia superintendencia,,0,,0.00,
"colombia,marca,registro,valor",registro de marca colombia valor,,0,,0.00,
"colombia,marca,mercantil,registro",registro de marca colombia y registro mercantil,,0,,0.00,
"colombia,comercial,marca,registro",registro de marca comercial en colombia,,0,,0.00,
"colombia,comerciales,marca,registro",registro de marca comerciales en colombia,,0,,0.00,
"colombia,logo,marca,registro",registro de marca con logo en colombia,,0,,0.00,
"colombia,marca,registro",registro de marca de colombia,,0,,0.00,
"colombia,licor,marca,registro",registro de marca de licores en colombia,,0,,0.00,
"colombia,empresa,marca,registro",registro de marca de una empresa en colombia,,0,,0.00,
"colombia,definicion,marca,registro",registro de marca definicion en colombia,,0,,0.00,
"colombia,denegaci,marca,registro",registro de marca denegaci on colombia,,0,,0.00,
"autores,colombia,derecho,marca,registro",registro de marca derechos de autor colombia,,0,,0.00,
"colombia,empresa,extranjero,marca,registro",registro de marca empresa extranjera en colombia,,0,,0.00,
"2019,colombia,marca,registro",registro de marca en colombia 2019,,0,,0.00,
"abogado,colombia,marca,martinez,registro",registro de marca en colombia abogado martinez,,0,,0.00,
"colombia,dos,marca,palabras,registro",registro de marca en colombia dos palabras,,0,,0.00,
"colombia,marca,mundial,registro",registro de marca en colombia es mundial,,0,,0.00,
"colombia,marca,paso,registro",registro de marca en colombia pasos,,0,,0.00,
"colombia,marca,pdf,registro",registro de marca en colombia pdf,,0,,0.00,
"colombia,internet,marca,registro",registro de marca en colombia por internet,,0,,0.00,
"colombia,marca,registro",registro de marca en colombia porque,,0,,0.00,
"colombia,marca,registro,sic",registro de marca en colombia sic,,0,,0.00,
"colombia,marca,registro,superintendencia",registro de marca en colombia superintendencia,,0,,0.00,
"colombia,comercial,industrial,marca,registro,superintendencia",registro de marca en colombia superintendencia de industria y comercio,,0,,0.00,
"colombia,marca,registro",registro de marca en colombia+,,0,,0.00,
"colombia,gratis,marca,registro",registro de marca gratis colombia,,0,,0.00,
"colombia,internacional,marca,registro",registro de marca internacional colombia,,0,,0.00,
"colombia,internacional,marca,registro",registro de marca internacional en colombia,,0,,0.00,
"colombia,juan,marca,registro,valdez",registro de marca juan valdez colombia,,0,,0.00,
"colombia,marca,nomina,registro",registro de marca nominativo colombia,,0,,0.00,
"colombia,marca,normas,registro",registro de marca normas colombia,,0,,0.00,
"colombia,intelectual,marca,propiedad,registro",registro de marca o propiedad intelectual en colombia,,0,,0.00,
"colombia,marca,online,registro",registro de marca online colombia,,0,,0.00,
"colombia,empresa,marca,pequeño,registro",registro de marca pequeña empresa colombia,,0,,0.00,
"colombia,marca,precio,registro",registro de marca precio colombia,,0,,0.00,
"colombia,marca,precio,registro",registro de marca precios colombia,,0,,0.00,
"colombia,empresa,intelectual,marca,propiedad,registro",registro de marca propiedad intelectual colombia para una empresa,,0,,0.00,
"colombia,marca,registro,sic",registro de marca sic colombia,,0,,0.00,
"colombia,costo,marca,registro,sic",registro de marca sic colombia costos,,0,,0.00,
"colombia,marca,registro,tridimensional",registro de marca tridimensional en colombia,,0,,0.00,
"colombia,logo,marca,registro,superintendencia",registro de marca y logo en colombia superintendencia,,0,,0.00,
"colombia,logotipo,marca,registro,valor",registro de marca y logotipo colombia valor,,0,,0.00,
"colombia,marca,patente,registro",registro de marca y patentes colombia,,0,,0.00,
"colombia,marca,patente,registro",registro de marca y patentes en colombia,,0,,0.00,
"colombia,intelectual,marca,propiedad,registro",registro de marca y propiedad intelectual colombia,,0,,0.00,
"colombia,intelectual,marca,propiedad,registro",registro de marca y propiedad intelectual en colombia,,0,,0.00,
"colombia,marca,registro",registro de marcaen colombia,,0,,0.00,
"apoyo,colombia,marca,registro",registro de marcas apoyo en colombia,,0,,0.00,
"bogota,colombia,marca,registro",registro de marcas bogota colombia,,0,,0.00,
"amaya,colombia,intelectual,marca,propiedad,registro",registro de marcas colombia amaya propiedad intelectual,,0,,0.00,
"colombia,departamento,marca,registro",registro de marcas colombia por departamento,,0,,0.00,
"agua,colombia,marca,registro",registro de marcas de agua en colombia,,0,,0.00,
"cesar,colombia,gana,marca,registro",registro de marcas de ganado en cesar colombia,,0,,0.00,
"cesar,colombia,gana,ica,marca,registro",registro de marcas de ganado ica en cesar colombia,,0,,0.00,
"colombia,identidad,marca,registro",registro de marcas de identidad de colombia,,0,,0.00,
"colombia,marca,patente,registro",registro de marcas e patentes colombia,,0,,0.00,
"base,colombia,datos,marca,registro",registro de marcas en colombia base de datos,,0,,0.00,
"camara,colombia,comercial,marca,registro",registro de marcas en colombia camara de comercio,,0,,0.00,
"camara,colombia,comercial,cucuta,marca,registro",registro de marcas en colombia camara de comercio de cucuta,,0,,0.00,
"colombia,duracion,marca,registro",registro de marcas en colombia duracion,,0,,0.00,
"colombia,marca,paso,registro,requisitos",registro de marcas en colombia pasos y requisitos,,0,,0.00,
"colombia,marca,registro,resumen",registro de marcas en colombia resumen,,0,,0.00,
"colombia,marca,registro,sic",registro de marcas en colombia sic,,0,,0.00,
"colombia,marca,registro,superintendencia",registro de marcas en colombia superintendencia,,0,,0.00,
"colombia,marca,registro",registro de marcas en en colombia,,0,,0.00,
"colombia,marca,mexico,registro",registro de marcas en mexico y colombia,,0,,0.00,
"colombia,comparacion,marca,mexico,registro",registro de marcas en mexico y colombia comparacion,,0,,0.00,
"colombia,formulario,marca,registro",registro de marcas formulario colombia,,0,,0.00,
"2019,colombia,marca,mixto,registro",registro de marcas mixtas en colombia 2019,,0,,0.00,
"colombia,marca,olfato,registro",registro de marcas olfativas en colombia,,0,,0.00,
"colombia,marca,precio,registro",registro de marcas precios colombia,,0,,0.00,
"colombia,cuanto,cuesta,marca,patente,registro",registro de marcas y patentes en colombia cuanto cuesta,,0,,0.00,
"colombia,marca,nacido,normatividad,registro,vivo",registro de nacido vivo colombia marco normativo,,0,,0.00,
"colombia,comercial,marca,nombre,registro",registro de nombre comercial o marca en colombia,,0,,0.00,
"colombia,marca,nombre,registro",registro de nombre de marca colombia,,0,,0.00,
"colombia,marca,nombre,registro",registro de nombre y o marca colombia,,0,,0.00,
"claro,colombia,marca,numero,registro",registro de numeros marcados claro colombia,,0,,0.00,
"claro,colombia,fijo,marca,numero,registro",registro de numeros marcados desde mi fijo claro colombia,,0,,0.00,
"colombia,marca,patente,registro",registro de patentes y marcas colombia,,0,,0.00,
"colombia,genero,marca,registro,terminal",registro de términos genéricos como marca en colombia,,0,,0.00,
"colombia,ejemplos,marca,registro",registro de una marca en colombia ejemplo,,0,,0.00,
"colombia,marca,registro,varios",registro de varias marcas de colombia,,0,,0.00,
"colombia,internacional,marca,registro",registro internacional de marcas colombia,,0,,0.00,
"2016,colombia,gana,marca,registro",registro marca de ganado colombia 2016,,0,,0.00,
"coconuco,colombia,gana,marca,municipio,registro",registro marca de ganado municipio de coconuco colombia,,0,,0.00,
"colombia,gana,marca,municipio,purace,registro",registro marca de ganado municipio de purace colombia,,0,,0.00,
"colombia,gana,marca,registro,tolima",registro marca de ganado tolima colombia,,0,,0.00,
"cafe,colombia,marca,registro",registro marcas de cafe en colombia,,0,,0.00,
"colombia,marca,nacional,patente,registro",registro nacional de marcas y patentes colombia,,0,,0.00,
"colombia,marca,registro,renovacion",registro y renovacion de marca colombia,,0,,0.00,
"colombia,marca,paso,registro,renovacion",registro y renovacion de marca colombia paso a paso,,0,,0.00,
"38,categoría,colombia,marca,registro",registros de marca categoría 38 colombia,,0,,0.00,
"codigo,colombia,comercial,marca,registro",registros de marca en colombia codigo de comercio,,0,,0.00,
"codigo,colombia,comercial,marca,registro",registros de marca en colombia codigo del comercio,,0,,0.00,
"colombia,diseño,industrial,marca,registro",registros de marca y diseño industrial en colombia,,0,,0.00,
"colombia,marca,productos,registro",registros de marcas de productos de colombia,,0,,0.00,
"colombia,marca,productos,registro",registros de productos y marcas colombia,,0,,0.00,
"colombia,marca,registro,renovacion",renovacion de registro de marca en colombia,,0,,0.00,
"colombia,marca,registro,renovacion",renovacion registro de marca colombia,,0,,0.00,
"colombia,gana,marca,registro,requisitos",requisitos para registrar una marca de ganado en colombia,,0,,0.00,
"camara,colombia,comercial,marca,registro,requisitos",requisitos para registrar una marca en colombia camara de comercio,,0,,0.00,
"colombia,marca,patente,registro,requisitos",requisitos para registro de marcas y patentes en colombia,,0,,0.00,
"colombia,marca,registro,requisitos,vigente",requisitos vigentes para el registro de marca en colombia,,0,,0.00,
"colombia,marca,registro,resolucion,valor",resolucion valores registro de marcas colombia,,0,,0.00,
"colombia,marca,registro,restricciones",restricciones de registro marca colombia,,0,,0.00,
"colombia,marca,registro,restricciones",restricciones para registro de marcas colombia,,0,,0.00,
"colombia,lectura,marca,registro,resumen",resumen de la lectura colombia marca no registrada,,0,,0.00,
"colombia,marca,nombre,registro,revision",revisar nombres de marcas registradas en colombia,,0,,0.00,
"colombia,marca,registro,revision",revision de marcas registradas en colombia,,0,,0.00,
"colombia,marca,registro,riezgo",riezgos de no registrar una marca colombia,,0,,0.00,
"colombia,demora,marca,registro",se demora registro de marca en colombia,,0,,0.00,
"colombia,marca,registro,servicio,vigilancia",servicio registro y vigilancia de marca colombia,,0,,0.00,
"colombia,marca,registro,signo",signo en el registro de una marca en colombia,,0,,0.00,
"colombia,marca,registro,simbolo",simbolo de marca registrada colombia,,0,,0.00,
"colombia,marca,registro,solicitud",solicitud de registro de marca colombia,,0,,0.00,
"colombia,marca,registro,solicitud",solicitud registro de marca colombia,,0,,0.00,
"colombia,marca,registro,solicitud,uso",solicitud uso de marca registrada colombia,,0,,0.00,
"colombia,comercial,industrial,marca,registro,superintendecia",superintendecia de industria y comercio colombia registro de marcas,,0,,0.00,
"colombia,comercial,formulario,industrial,marca,registro,superintendencia",superintendencia de industria y comercio colombia formulario registro de marca,,0,,0.00,
"colombia,comercial,industrial,marca,registro,superintendencia",superintendencia de industria y comercio colombia registro de marca,,0,,0.00,
"colombia,costo,marca,registro,tabla",tabla de costos para el registro de marca colombia,,0,,0.00,
"colombia,honorarios,marca,registro,tarifas",tarifa de honorarios registro de marcas colombia,,0,,0.00,
"colombia,marca,registro,tarifas",tarifa registro de marca colombia,,0,,0.00,
"2018,colombia,marca,registro,tarifas",tarifa registro de marca colombia 2018,,0,,0.00,
"2019,colombia,marca,registro,tarifas",tarifa registro de marcas en colombia 2019,,0,,0.00,
"colombia,marca,registro,superintendencia,tarifas",tarifa registro de marcas en colombia superintendencia,,0,,0.00,
"colombia,marca,registro,tarifas",tarifas de registrar una marca en colombia,,0,,0.00,
"colombia,marca,registro,tarifas",tarifas registro de marca colombia,,0,,0.00,
"2017,colombia,marca,registro,tarifas",tarifas registro de marca colombia 2017,,0,,0.00,
"colombia,marca,registro,tarifas",tarifas registro de marcas colombia,,0,,0.00,
"colombia,marca,registro,tasa",tasa registro de marca colombia,,0,,0.00,
"2019,colombia,marca,registro,tasa",tasas de registro de marca 2019 en colombia,,0,,0.00,
"2017,colombia,marca,registro,sic,tasa",tasas del registro de marca sic colombia 2017,,0,,0.00,
"colombia,marca,registro,tasa",tasas registro de marca en colombia,,0,,0.00,
"colombia,marca,proteccion,registro,tiempo",tiempo de proteccion de una marca registrada en colombia,,0,,0.00,
"colombia,marca,registro,tiempo,vigencia",tiempo de vigencia marca registrada colombia,,0,,0.00,
"colombia,marca,puede,registro,tipos",tipos de marca que se puede registrar en colombia,,0,,0.00,
"colombia,marca,registro,total",total de marcas registradas en colombia,,0,,0.00,
"colombia,marca,registro,tramite",tramite de registro de marca en colombia,,0,,0.00,
"colombia,marca,normas,registro,tramite",tramite de registro de marcas en colombia normas,,0,,0.00,
"colombia,marca,registro,tramite",tramite para registro de marca en colombia,,0,,0.00,
"colombia,marca,registro,tramite",tramites para registro de marca en colombia,,0,,0.00,
"colombia,contable,marca,patente,registro,tratamiento",tratamiento contable de registro de marcas y patentes colombia,,0,,0.00,
"colombia,marca,registro,tramite",trámite para el registro de marcas en colombia,,0,,0.00,
"colombia,marca,registro,tutorial",tutorial para registro de marca colombia,,0,,0.00,
"colombia,marca,marcaria,mexicana,registro,uso",uso de marca mexicana en colombia sin registro marcario,,0,,0.00,
"colombia,marca,registro,uso",uso de marca registrada en colombia,,0,,0.00,
"antigua,colombia,marca,registro,uso",uso de marcas antiguas registradas colombia,,0,,0.00,
"colombia,marca,registro,uso",uso de marcas registradas colombia,,0,,0.00,
"autorizado,colombia,marca,registro,uso",uso no autorizado de marca registrada colombia,,0,,0.00,
"autorizado,colombia,marca,normatividad,registro,uso",uso no autorizado de marca registrada colombia normatividad,,0,,0.00,
"colombia,marca,registro,sic,valor",valor de registrar una marca en colombia sic,,0,,0.00,
"colombia,marca,productos,registro,valor",valor de registro de marca de producto en colombia,,0,,0.00,
"colombia,marca,registro,valor",valor del registro de marca en colombia,,0,,0.00,
"2018,colombia,marca,registro,valor",valor registro de marca colombia 2018,,0,,0.00,
"colombia,marca,registro,valor",valor registro de marca en colombia,,0,,0.00,
"avaluo,colombia,marca,nacional,registro,valoracion",valoracion de marca en colombia registro nacional de avaluadores,,0,,0.00,
"colombia,marca,registro,venta",venta de marcas registradas en colombia,,0,,0.00,
"colombia,marca,registro,ventajas",ventajas de registrar una marca en colombia,,0,,0.00,
"colombia,marca,registro,ver",ver registro de marca en colombia,,0,,0.00,
"colombia,marca,registro,verificacion",verificacion de marcas registradas en colombia,,0,,0.00,
"colombia,marca,registro,verificación",verificador de marcas registradas colombia,,0,,0.00,
"colombia,marca,registro,va,verificar",verificar como va el registro de marca colombia,,0,,0.00,
"colombia,marca,registro,verificar",verificar registro de marca colombia,,0,,0.00,
"colombia,marca,registro,verificar",verificar registro de marca en colombia,,0,,0.00,
"colombia,marca,registro,viabilidad",viabilidad en registro de marca colombia,,0,,0.00,
"casa,colombia,marca,registro,sic,walmart",walmart colombia caso sic registro de marca,,0,,0.00,
