Groups,Keyword,Intent,Volume,Keyword Difficulty,CPC (USD),SERP Features,source_seed,relevance_score
"colombia,fintech",fintech colombia,"Informational, Navigational",2900,32,0.8,"Sitelinks, AI Overview, Image pack, Video, People also ask, Top stories, Related searches",fintech,50
"colombia,fintech",fintech en colombia,Informational,390,15,0.71,"AI Overview, Image pack, Video, Video carousel, Related searches",fintech,50
"colombia,fintech",que es fintech en colombia,Informational,170,16,0.08,"AI Overview, Video, Video carousel, Related searches",fintech,50
"especializaciones,fintech",especialización en fintech,Commercial,50,15,2.41,"Video, People also ask, Related searches, Ads top, Ads bottom",fintech,50
"colombia,marca,registro",registro de marca colombia,Informational,1600,21,0.25,"AI Overview, Video, People also ask, Related searches, Ads bottom",registro-de-marca-colombia,45
"colombia,fintech,prestamos",fintech colombia prestamos,Commercial,210,62,0.63,"Video carousel, People also ask, Related searches",fintech,45
"colombia,formulario,marca,registro",formulario para registro de marca en colombia,"Informational, Commercial",140,19,0.16,"Sitelinks, Video, Video carousel, Related searches, Ads bottom",registro-de-marca-colombia,45
fintech,fintech,Informational,6600,48,0.68,"AI Overview, Video, Video carousel, People also ask, Local pack, Knowledge panel, Related searches",fintech,40
fintech,fintech que es,Informational,1900,34,0.36,"AI Overview, Video, Video carousel, Short videos, Related searches",fintech,40
"fintech,sas",fintech sas,Informational,1000,38,0.66,"AI Overview, Image pack, Video, Video carousel, People also ask, Local pack, Related searches, See results about",fintech,40
"colombia,intelectual,propiedad",propiedad intelectual en colombia,Informational,390,20,0.24,"AI Overview, Video, Video carousel, People also ask, Related searches",Propiedad-intelectual,40
"fintech,latam,marketing",latam fintech market,Navigational,320,19,0.43,"Sitelinks, Video, Short videos, People also ask, Related searches, See results about",fintech,40
"colombia,marca,precio,registro",registro de marca en colombia precio,Informational,320,15,0.18,"AI Overview, Video, People also ask, Related searches",registro-de-marca-colombia,40
"fintech,plataforma",plataforma fintech,Informational,260,38,0.57,"AI Overview, Image pack, Video, Video carousel, Related searches, Ads bottom",fintech,40
"fintech,plataforma",plataformas fintech,Informational,260,44,0.51,"Sitelinks, AI Overview, Video, Video carousel, People also ask, Related searches",fintech,40
"intelectual,maestria,propiedad",maestria en propiedad intelectual,Informational,110,15,2.48,"Sitelinks, Video, Related searches, Ads bottom",Propiedad-intelectual,40
"colombia,cuanto,cuesta,marca,registro",cuanto cuesta el registro de marca en colombia,Informational,110,7,0.13,"AI Overview, Video, People also ask, Related searches",registro-de-marca-colombia,40
"colombia,fintech,prestamos",prestamos fintech colombia,"Informational, Transactional",70,68,0.44,"Video, People also ask, Related searches",fintech,40
"colombia,fintech",que es fintech colombia,Informational,70,22,0.0,"AI Overview, Video, Video carousel, Related searches",fintech,40
"asociacion,colombia,fintech",asociacion fintech colombia,Navigational,30,19,0.0,"Sitelinks, Image pack, Video, Related searches",fintech,40
"colombia,cuanto,fintech",cuantas fintech hay en colombia,Informational,30,20,0.0,"AI Overview, Video, Related searches",fintech,40
"colombia,ejemplos,fintech",ejemplos de fintech en colombia,Informational,30,17,0.0,"AI Overview, Video, People also ask, Related searches",fintech,40
"colombia,empresa,fintech",empresas fintech en colombia,Informational,30,20,0.68,"AI Overview, Image pack, Video, People also ask, Related searches",fintech,40
"colombia,fintech",fintech colombia que es,Informational,30,20,0.0,"AI Overview, Video, People also ask, Related searches",fintech,40
"fintech,maestria",maestria fintech,Commercial,30,24,5.05,"Video, Related searches, Ads top, Ads middle",fintech,40
"artificial,fintech,inteligencia",fintech inteligencia artificial,,20,50,0.0,,fintech,40
"blockchain,fintech",fintech blockchain,,10,50,0.0,,fintech,40
"licencia,saas,software",licencia de software saas,,10,50,0.0,,saas,40
"intelectual,propiedad",propiedad intelectual,Informational,2400,27,0.62,"AI Overview, Video, Video carousel, People also ask, Related searches",Propiedad-intelectual,35
"fintech,prestamos",fintech prestamos,"Informational, Transactional",260,62,0.82,"Video, People also ask, Related searches",fintech,35
"cmp,fintech,rapicredit",cmp rapicredit fintech,Navigational,210,26,0.26,"Sitelinks, AI Overview, Video, Related searches",fintech,35
"empresa,fintech",empresas fintech,Informational,140,24,0.47,"AI Overview, Image pack, Video, Related searches",fintech,35
"credito,fintech",creditos fintech,"Informational, Transactional",110,63,0.76,"Sitelinks, Video, Video carousel, Related searches, Ads bottom",fintech,35
"fintech,funcion",fintech que es y como funciona,Informational,110,26,0.35,"Sitelinks, AI Overview, Video, Video carousel, Related searches",fintech,35
"colombia,intelectual,ley,propiedad",ley de propiedad intelectual colombia,Informational,110,23,0.0,"AI Overview, Video, Video carousel, Related searches",Propiedad-intelectual,35
"colombia,fintech,prestamos",fintech prestamos colombia,Informational,90,62,0.54,"Sitelinks, AI Overview, Video, Video carousel, Related searches",fintech,35
"abogado,intelectual,propiedad",abogado de propiedad intelectual,Commercial,90,20,0.57,"Reviews, People also ask, Local pack, Related searches",Propiedad-intelectual,35
"colombia,intelectual,propiedad",que es la propiedad intelectual en colombia,Informational,70,17,0.0,"AI Overview, Video, People also ask, Related searches",Propiedad-intelectual,35
"diferencia,industrial,intelectual,propiedad",diferencia entre propiedad intelectual y propiedad industrial,Informational,50,19,0.0,"AI Overview, Video, Related searches",Propiedad-intelectual,35
"colombia,marca,patente,registro",registro de marcas y patentes en colombia,Informational,40,13,0.2,"AI Overview, Video, Video carousel, People also ask, Related searches",registro-de-marca-colombia,35
"cmp,fintech,rapicredit,telefono",cmp rapicredit fintech telefono,"Informational, Transactional",30,19,0.3,"AI Overview, Video, Related searches",fintech,35
"colombia,empresa,fintech",empresas fintech colombia,Informational,30,25,0.0,"AI Overview, Image pack, Video, People also ask, Related searches",fintech,35
"edtech,fintech",fintech edtech,"Informational, Transactional",30,9,0.0,"AI Overview, Video carousel, Related searches",fintech,35
"colombia,especializacion,intelectual,propiedad",especializacion en propiedad intelectual colombia,Commercial,30,13,2.51,"Video, Related searches, Ads top, Ads bottom",Propiedad-intelectual,35
"historia,intelectual,propiedad",historia de la propiedad intelectual,"Informational, Transactional",30,20,0.0,"AI Overview, Image pack, Video, Video carousel, People also ask, Related searches",Propiedad-intelectual,35
"base,colombia,datos,marca,registro",base de datos de marcas registradas en colombia,Informational,30,18,0.0,"Video, People also ask, Related searches",registro-de-marca-colombia,35
"colombia,fintech,regular",regulación fintech en colombia,,20,50,0.0,,fintech,35
saas,saas,Informational,2900,43,0.77,"AI Overview, Video, People also ask, Related searches",saas,30
"intelectual,mundial,organizaciones,propiedad",organización mundial de la propiedad intelectual,Informational,480,36,0.0,"Video, Video carousel, People also ask, Knowledge panel, Related searches",Propiedad-intelectual,30
"especializacion,intelectual,propiedad",especializacion en propiedad intelectual,Informational,260,50,1.4,"Video, Related searches, Ads bottom",Propiedad-intelectual,30
"fintech,latam",fintech latam,Navigational,210,49,0.83,"Sitelinks, Video, Video carousel, Knowledge panel, Related searches",fintech,30
"fintech,latam",latam fintech,Navigational,210,31,0.83,"Sitelinks, Video, Video carousel, Knowledge panel, Related searches",fintech,30
"fintech,rapicredit",rapicredit fintech,Navigational,210,50,0.31,"Sitelinks, Video, Knowledge panel, Related searches",fintech,30
fintech,que es un fintech,Informational,140,31,0.06,"Sitelinks, AI Overview, Video, Short videos, Related searches",fintech,30
"credito,fintech",credito fintech,Informational,110,41,0.76,"Sitelinks, AI Overview, Video, Video carousel, Related searches",fintech,30
"america,fintech",fintech americas,Navigational,110,37,0.85,"Sitelinks, Video, Video carousel, People also ask, Related searches, Ads top, Ads bottom",fintech,30
"fintech,wales",walo fintech,Informational,110,31,0.25,"Sitelinks, Video, Video carousel, People also ask, Knowledge panel, Related searches",fintech,30
"plataforma,saas",plataforma saas,Informational,110,34,0.7,"Sitelinks, AI Overview, Video, Video carousel, People also ask, Related searches",saas,30
"credito,fintech",fintech creditos,Commercial,90,65,0.84,"Video, Video carousel, Related searches",fintech,30
"abogado,intelectual,propiedad",abogados propiedad intelectual,Commercial,90,24,0.69,"Reviews, People also ask, Local pack, Related searches",Propiedad-intelectual,30
"credito,fintech",fintech credito,"Informational, Transactional",70,64,0.84,"Video, Video carousel, People also ask, Related searches",fintech,30
"colombia,marca,registro,ropa",como registrar una marca de ropa en colombia,Informational,70,13,0.17,"AI Overview, Video, Video carousel, Short videos, People also ask, Related searches",registro-de-marca-colombia,30
"fintech,prestamos",prestamos fintech,"Informational, Transactional",50,66,0.77,"Sitelinks, Video, Video carousel, Local pack, Related searches, Ads bottom",fintech,30
"fintech,proyecto",proyectos fintech,Informational,50,25,0.0,"AI Overview, Video, People also ask, Related searches",fintech,30
"industrial,intelectual,propiedad",propiedad intelectual y propiedad industrial,Informational,50,26,0.0,"Sitelinks, AI Overview, Video, People also ask, Related searches",Propiedad-intelectual,30
"asociados,colombia,fintech",asociación colombia fintech,Navigational,40,39,0.0,"Sitelinks, Image pack, Video, Local pack, Related searches",fintech,30
"credito,fintech",fintech credit,"Informational, Transactional",40,28,0.36,"AI Overview, Video, Video carousel, Related searches",fintech,30
"dia,intelectual,propiedad",dia de la propiedad intelectual,Informational,40,20,0.0,"Sitelinks, Instant answer, Image pack, Video, Video carousel, People also ask, Knowledge panel, Related searches",Propiedad-intelectual,30
"abogado,empleo,intelectual,propiedad",empleo abogado propiedad intelectual,Commercial,40,17,0.0,"Video, Jobs, Related searches",Propiedad-intelectual,30
"asociacion,fintech",asociacion fintech,,30,50,0.0,,fintech,30
"banco,fintech",bancos fintech,Informational,30,20,0.7,"AI Overview, Video, Video carousel, People also ask, Related searches",fintech,30
"fintech,invertir",como invertir en fintech,Informational,30,13,0.74,"AI Overview, Video, Video carousel, People also ask, Related searches",fintech,30
"ejemplos,fintech",ejemplos de fintech,Informational,30,10,0.0,"AI Overview, Image pack, Video, Related searches",fintech,30
"argentina,fintech",fintech en argentina,"Informational, Transactional",30,25,0.0,"Sitelinks, AI Overview, Image, Image pack, Video, Video carousel, Short videos, People also ask, Related searches",fintech,30
"fintech,pla",fintech plaid,Navigational,30,38,0.0,"Sitelinks, Video, People also ask, Knowledge panel, Related searches",fintech,30
"fintech,industrial",industria fintech,,30,50,0.0,,fintech,30
"colombia,fintech,ley",ley fintech colombia,,30,50,0.0,,fintech,30
"fintech,pla",plaid fintech,,30,50,0.0,,fintech,30
"colombia,fintech,presidente",presidente colombia fintech,,30,50,0.0,,fintech,30
"casa,colombia,intelectual,propiedad",casos de propiedad intelectual en colombia,Informational,30,14,0.0,"AI Overview, Video, Video carousel, People also ask, Related searches",Propiedad-intelectual,30
"afecta,como,digitales,intelectual,medio,propiedad",cómo afecta la propiedad intelectual en los medios digitales,Informational,30,15,0.0,"AI Overview, Video, People also ask, Related searches",Propiedad-intelectual,30
"diferencia,industrial,intelectual,propiedad",diferencia entre propiedad industrial y propiedad intelectual,Informational,30,16,0.0,"AI Overview, Video, Video carousel, Related searches",Propiedad-intelectual,30
"colombia,diferencia,industrial,intelectual,propiedad",diferencia entre propiedad intelectual y propiedad industrial en colombia,Informational,30,13,0.0,"Sitelinks, AI Overview, Video, Video carousel, Related searches",Propiedad-intelectual,30
"colombia,ejemplos,intelectual,propiedad",ejemplos de propiedad intelectual en colombia,Informational,30,15,0.0,"AI Overview, Video, Video carousel, People also ask, Related searches",Propiedad-intelectual,30
"colombia,cuanto,marca,registro,vale",cuanto vale un registro de marca en colombia,Informational,30,5,0.13,"AI Overview, Video, Short videos, People also ask, Related searches",registro-de-marca-colombia,30
"colombia,marca,registro,valor",valor de registro de marca en colombia,Informational,30,15,0.15,"AI Overview, Video, People also ask, Related searches",registro-de-marca-colombia,30
"ai,fintech",ai in fintech,,20,50,3.79,,fintech,30
"artificial,fintech,intelligence",artificial intelligence fintech,,20,50,0.0,,fintech,30
"asociados,fintech",asociación fintech,,20,50,0.0,,fintech,30
"colombia,fintech,miembros",colombia fintech miembros,,20,50,0.0,,fintech,30
"colombia,fintech,telefono",colombia fintech telefono,,20,50,0.0,,fintech,30
"colombia,crear,fintech",como crear una fintech en colombia,,20,50,0.82,,fintech,30
"compañia,fintech",compañia fintech,,20,50,0.0,,fintech,30
"compañia,fintech",compañias fintech,,20,50,0.0,,fintech,30
"colombia,credito,fintech",creditos fintech colombia,,20,50,0.71,,fintech,30
"digital,fintech",digital fintech,,20,50,0.0,,fintech,30
"colombia,ecosistema,fintech",ecosistema fintech en colombia,,20,50,0.0,,fintech,30
"emprendimiento,fintech",emprendimiento fintech,,20,50,0.0,,fintech,30
"emprendimiento,fintech",emprendimientos fintech,,20,50,0.0,,fintech,30
"estudio,fintech",estudiar fintech,,20,50,0.0,,fintech,30
"america,fintech,miami",fintech americas miami,,20,50,2.03,,fintech,30
"app,fintech",fintech app,,20,50,0.91,,fintech,30
"app,development,fintech",fintech app development,,20,50,0.0,,fintech,30
"australia,fintech",fintech australia,,20,50,0.0,,fintech,30
"2018,colombia,fintech",fintech colombia 2018,,20,50,0.0,,fintech,30
"colombia,fintech,radar",fintech radar colombia,,20,50,0.0,,fintech,30
"fintech,software",fintech software,,20,50,0.0,,fintech,30
"development,fintech,software",fintech software development,,20,50,0.0,,fintech,30
"fintech,spain",fintech spain,,20,50,0.0,,fintech,30
"fintech,historia",historia de las fintech,,20,50,0.0,,fintech,30
"colombia,fintech,invertir",invertir en fintech colombia,,20,50,0.0,,fintech,30
"colombia,fintech,mejor",mejores fintech colombia,,20,50,1.5,,fintech,30
"colombia,fintech,normatividad",normatividad fintech colombia,,20,50,0.0,,fintech,30
"colombia,fintech,principales",principales fintech en colombia,,20,50,0.0,,fintech,30
"colombia,fintech",que es colombia fintech,,20,50,0.0,,fintech,30
"fintech,industrial",que es la industria fintech,,20,50,0.0,,fintech,30
"fintech,startup",que es una startup fintech,,20,50,0.0,,fintech,30
"colombia,fintech",que son las fintech en colombia,,20,50,0.0,,fintech,30
"colombia,fintech,regular",quien regula las fintech en colombia,,20,50,0.0,,fintech,30
"fintech,startup",qué es una startup fintech,,20,50,0.0,,fintech,30
"colombia,fintech,regulacion",regulacion fintech colombia,,20,50,0.0,,fintech,30
"colombia,fintech,sector",sector fintech en colombia,,20,50,0.0,,fintech,30
"fintech,startup",startup de fintech,,20,50,0.0,,fintech,30
"fintech,startup",startup fintech que es,,20,50,0.0,,fintech,30
"fintech,significado,startup",startups fintech significado,,20,50,0.0,,fintech,30
"fintech,tecnologia",tecnologia fintech,,20,50,0.0,,fintech,30
"fintech,tecnologicos",tecnología fintech,,20,50,0.0,,fintech,30
"0,2,financial,fintech,papa,reboot,service",the fintech 2.0 paper rebooting financial services,,20,50,0.0,,fintech,30
"colombia,fintech,top",top fintech colombia,,20,50,0.0,,fintech,30
"artificial,intelectual,inteligencia,propiedad",inteligencia artificial propiedad intelectual,,20,50,0.0,,Propiedad-intelectual,30
"artificial,intelectual,inteligencia,propiedad",inteligencia artificial y propiedad intelectual,,20,50,0.0,,Propiedad-intelectual,30
"intelectual,licencia,propiedad",licencias propiedad intelectual,,20,50,0.0,,Propiedad-intelectual,30
"colombia,intelectual,propiedad,software",propiedad intelectual software colombia,,20,50,0.0,,Propiedad-intelectual,30
"colombia,intelectual,marca,propiedad,registro",registro de marca propiedad intelectual colombia,,20,50,0.0,,Propiedad-intelectual,30
"licencia,saas",licencia saas,,20,50,0.0,,saas,30
"addie,colombia,fintech",addi fintech colombia,,10,50,0.0,,fintech,30
"asociados,fintech",asociaciones fintech,,10,50,0.0,,fintech,30
"app,best,fintech",best fintech apps,,10,50,0.0,,fintech,30
"best,fintech,startup",best fintech startups,,10,50,0.0,,fintech,30
"california,fintech",california fintech,,10,50,0.0,,fintech,30
"2019,colombia,fintech",colombia fintech 2019,,10,50,0.0,,fintech,30
"columbia,fintech",columbia fintech,,10,50,0.0,,fintech,30
"credencial,fintech",credencial fintech,,10,50,0.0,,fintech,30
"colombia,ecosistema,fintech",ecosistema fintech colombia,,10,50,0.0,,fintech,30
"colombia,ejemplos,empresa,fintech",ejemplos de empresas fintech en colombia,,10,50,0.0,,fintech,30
"especializacion,fintech",especializacion en fintech,,10,50,2.99,,fintech,30
"financiacion,fintech",financiacion fintech,,10,50,0.0,,fintech,30
"financial,fintech",financiamiento fintech,,10,50,0.0,,fintech,30
"fintech,mundial,nivel",fintech a nivel mundial,,10,50,0.0,,fintech,30
"app,company,development,fintech",fintech app development companies,,10,50,0.0,,fintech,30
